{
  "render": {
    "resolution": {
      "width": 128,
      "height": 96
    },
    "camera": {
      "location": {
        "x": 10.0,
        "y": -10.0,
        "z": 8.16
      },
      "rotationDeg": {
        "x": 60.0,
        "y": 0.0,
        "z": 45.0
      },
      "orthoScale": 2.8,
      "clipStart": 0.1,
      "clipEnd": 100.0
    },
    "frame": {
      "start": 4,
      "end": 22,
      "fps": 24
    }
  },
  "order": [
    "SLOPE_FLAT",
    "SLOPE_W",
    "SLOPE_S",
    "SLOPE_E",
    "SLOPE_N",
    "SLOPE_NW",
    "SLOPE_SW",
    "SLOPE_SE",
    "SLOPE_NE",
    "SLOPE_NWS",
    "SLOPE_WSE",
    "SLOPE_SEN",
    "SLOPE_ENW",
    "SLOPE_STEEP_S",
    "SLOPE_STEEP_W",
    "SLOPE_STEEP_N",
    "SLOPE_STEEP_E",
    "SLOPE_NS",
    "SLOPE_EW"
  ],
  "mesh": {
    "vertices": [
      [10.999237060546875, 0.9993793964385986, 0.40666666626930237],
      [10.999237060546875, -1.0006206035614014, -0.002499997615814209],
      [8.999237060546875, -1.0006210803985596, 0.40166667103767395],
      [8.999237060546875, 0.9993791580200195, 0.40666666626930237],
      [0.999237060546875, 0.9993016719818115, 0.4050000011920929],
      [0.999237060546875, -1.0006983280181885, 0.0],
      [-1.000762939453125, -1.0006988048553467, 0.0],
      [-1.000762939453125, 0.9993011951446533, 0.4050000011920929],
      [-14.00076675415039, 0.999222993850708, 0.0],
      [-14.00076675415039, -1.000777006149292, 0.0],
      [-16.00076675415039, -1.000777244567871, 0.0],
      [-16.00076675415039, 0.9992227554321289, 0.0],
      [-9.00076675415039, 0.9992237091064453, 0.0],
      [-9.00076675415039, -1.0007760524749756, 0.0],
      [-11.00076675415039, -1.0007765293121338, 0.0],
      [-11.00076675415039, 0.9992234706878662, 0.4050000011920929],
      [-6.000766754150391, 0.999300479888916, 0.4050000011920929],
      [-6.000766754150391, -1.0007033348083496, 0.0],
      [-4.000766754150391, -1.0007030963897705, 0.0],
      [-4.000766754150391, 0.999297022819519, 0.0],
      [3.999237060546875, 0.9993764162063599, 0.4050000011920929],
      [3.999237060546875, -1.0006253719329834, 0.0],
      [5.999237060546875, -1.0006251335144043, 0.0],
      [5.999237060546875, 0.9993748664855957, 0.4050000011920929],
      [13.999237060546875, 0.9994542598724365, 0.40666666626930237],
      [13.999237060546875, -1.0005476474761963, 0.40166667103767395],
      [15.999237060546875, -1.0005474090576172, -0.002499997615814209],
      [15.999237060546875, 0.9994525909423828, 0.40666666626930237],
      [18.999237060546875, 0.999748706817627, 0.4020000100135803],
      [18.999237060546875, -1.000251293182373, 0.0],
      [20.999237060546875, -1.000251054763794, -0.40199998021125793],
      [20.999237060546875, 0.999748945236206, 0.0],
      [25.999237060546875, 0.999822735786438, 0.0],
      [25.999237060546875, -1.0001771450042725, -0.40199998021125793],
      [23.999237060546875, -1.0001776218414307, 0.0],
      [23.999237060546875, 0.9998242855072021, 0.4020000100135803],
      [28.999237060546875, -0.9989654421806335, 0.0],
      [28.999235153198242, 1.0010343790054321, 0.4000000059604645],
      [30.999237060546875, 1.0010370016098022, 0.0],
      [30.999237060546875, -0.9989649057388306, 0.4050000011920929]
    ],
    "polygons": [
      { "indices": [0, 3, 2], "materialIndex": 0, "uvs": [[1.0, 0.9999991059303284], [0.0, 1.0], [0.0, 0.0]] },
      { "indices": [0, 2, 1], "materialIndex": 1, "uvs": [[1.0, 0.9999991059303284], [0.0, 0.0], [1.0, 0.0]] },
      { "indices": [4, 7, 6, 5], "materialIndex": 1, "uvs": [[1.0, 0.9999991059303284], [0.0, 1.0], [0.0, 0.0], [1.0, 0.0]] },
      { "indices": [8, 11, 10, 9], "materialIndex": 0, "uvs": [[1.0, 1.0], [0.0, 1.0], [0.0, 0.0], [1.0, 0.0]] },
      { "indices": [12, 15, 14], "materialIndex": 1, "uvs": [[1.0, 1.0], [0.0, 1.0], [0.0, 0.0]] },
      { "indices": [12, 14, 13], "materialIndex": 0, "uvs": [[1.0, 1.0], [0.0, 0.0], [1.0, 0.0]] },
      { "indices": [19, 17, 18], "materialIndex": 0, "uvs": [[1.0, 1.0], [0.0, 0.0], [1.0, 0.0]] },
      { "indices": [19, 16, 17], "materialIndex": 2, "uvs": [[1.0, 1.0], [0.0, 1.0], [0.0, 0.0]] },
      { "indices": [23, 20, 21, 22], "materialIndex": 2, "uvs": [[1.0, 0.9999991059303284], [0.0, 1.0], [0.0, 0.0], [1.0, 0.0]] },
      { "indices": [27, 25, 26], "materialIndex": 2, "uvs": [[1.0, 0.9999991059303284], [0.0, 0.0], [1.0, 0.0]] },
      { "indices": [27, 24, 25], "materialIndex": 0, "uvs": [[1.0, 0.9999991059303284], [0.0, 1.0], [0.0, 0.0]] },
      { "indices": [31, 28, 29, 30], "materialIndex": 1, "uvs": [[1.0, 1.0], [0.0, 1.0], [0.0, 0.0], [1.0, 0.0]] },
      { "indices": [32, 35, 34, 33], "materialIndex": 2, "uvs": [[1.0, 1.0], [0.0, 1.0], [0.0, 0.0], [1.0, 0.0]] },
      { "indices": [36, 39, 38], "materialIndex": 1, "uvs": [[1.0, 1.0], [0.0, 1.0], [0.0, 0.0]] },
      { "indices": [36, 38, 37], "materialIndex": 2, "uvs": [[1.0, 1.0], [0.0, 0.0], [1.0, 0.0]] }
    ]
  },
  "poses": [
    { "x": 15.5, "y": -0.5, "rotationZRad": -31.41592653589793 },
    { "x": 0.5, "y": 9.5, "rotationZRad": -23.561944901923447 },
    { "x": -9.5, "y": -0.5, "rotationZRad": -21.991148575128552 },
    { "x": 0.5, "y": -5.5, "rotationZRad": -26.703537555513243 },
    { "x": 5.5, "y": -0.5, "rotationZRad": -25.132741228718345 },
    { "x": 0.5, "y": -0.5, "rotationZRad": -23.561944901923447 },
    { "x": 0.5, "y": -0.5, "rotationZRad": -21.991148575128552 },
    { "x": 0.5, "y": 4.5, "rotationZRad": -26.703537555513243 },
    { "x": -4.5, "y": -0.5, "rotationZRad": -25.132741228718345 },
    { "x": 0.5, "y": -10.5, "rotationZRad": -23.561944901923447 },
    { "x": 10.5, "y": -0.5, "rotationZRad": -21.991148575128552 },
    { "x": 0.5, "y": 14.5, "rotationZRad": -20.420352248333657 },
    { "x": -14.5, "y": -0.5, "rotationZRad": -18.84955592153876 },
    { "x": 20.0, "y": 0.0, "rotationZRad": -15.707963267948966 },
    { "x": 0.0, "y": -20.0, "rotationZRad": -17.27875959474386 },
    { "x": -25.0, "y": 0.0, "rotationZRad": -18.84955592153876 },
    { "x": 0.0, "y": 25.0, "rotationZRad": -20.420352248333657 },
    { "x": -29.5, "y": -0.5, "rotationZRad": -18.84955592153876 },
    { "x": 0.5, "y": 29.5, "rotationZRad": -20.420352248333657 }
  ]
}
